,Estadística,Valor p
SCA,635.5,0.023278630577859682
PSA,716.5,0.0006110069077505774
GWO,591.5,0.10597621408863506
