,Estadística,Valor p
SCA,521.0,0.5679362039612417
PSA,633.5,0.030089289032377564
GWO,489.5,0.9029971177634546
