,Estadística,Valor p
SCA,0.0,1.4018463184347286e-11
PSA,893.0,6.616784395716464e-09
GWO,0.0,1.4018463184347286e-11
