,Estadística,Valor p
SCA,405.5,0.227304037890265
PSA,473.5,0.917631231577938
GWO,360.5,0.04820695146430312
