,Estadística,Valor p
SCA,537.5,0.3086539443785159
PSA,601.5,0.04211545259325118
GWO,560.0,0.16934254395900228
