,Estadística,Valor p
SCA,445.5,0.621349352000524
PSA,505.0,0.7319639174064927
GWO,500.5,0.7798250127677256
