,Estadística,Valor p
SCA,0.0,1.4018463184347286e-11
PSA,868.0,5.070520498524354e-08
GWO,0.0,5.051787586584401e-13
