,Estadística,Valor p
SCA,611.0,0.06714552977893637
PSA,961.0,1.0603410435203615e-11
GWO,0.0,5.051787586584401e-13
