,Estadística,Valor p
SCA,0.0,7.175575189365019e-13
PSA,899.0,3.984302208251816e-09
GWO,0.0,5.051787586584401e-13
