,Estadística,Valor p
SCA,939.0,1.1334571466806113e-10
PSA,775.0,3.485116361602038e-05
GWO,961.0,1.4018463184347286e-11
