,Estadística,Valor p
SCA,567.5,0.20389592655695787
PSA,692.5,0.002000438422050608
GWO,510.5,0.6643284589326917
