instance,best,avg. fitness, std fitness,best,avg. fitness, std fitness
F1,2.226391848018355e-44,0.0,0.0,62173.64359629658,77793.35,7953.627